{
  "zimbabwe": {
    "type": "country",
    "code": "ZW",
    "subdivisions": {}
  },
  "kiribati": {
    "type": "country",
    "code": "KI",
    "subdivisions": {}
  },
  "ghana": {
    "type": "country",
    "code": "GH",
    "subdivisions": {}
  },
  "north korea": {
    "type": "country",
    "code": "KP",
    "subdivisions": {}
  },
  "spain": {
    "type": "country",
    "code": "ES",
    "coordinates": {
      "lat": 40.4637,
      "lng": -3.7492
    },
    "subdivisions": {}
  },
  "jordan": {
    "type": "country",
    "code": "JO",
    "subdivisions": {}
  },
  "san marino": {
    "type": "country",
    "code": "SM",
    "subdivisions": {}
  },
  "ivory coast": {
    "type": "country",
    "code": "CI",
    "subdivisions": {}
  },
  "brazil": {
    "type": "country",
    "code": "BR",
    "coordinates": {
      "lat": -14.235,
      "lng": -51.9253
    },
    "subdivisions": {
      "são paulo": {
        "type": "state",
        "code": "BR-SP",
        "cities": {
          "são paulo": {
            "type": "city",
            "coordinates": {
              "lat": -23.5505,
              "lng": -46.6333
            }
          }
        }
      },
      "rio de janeiro": {
        "type": "state",
        "code": "BR-RJ",
        "cities": {}
      },
      "amazonas": {
        "type": "state",
        "code": "BR-AM",
        "cities": {}
      },
      "mato grosso": {
        "type": "state",
        "code": "BR-MT",
        "cities": {}
      }
    }
  },
  "colombia": {
    "type": "country",
    "code": "CO",
    "coordinates": {
      "lat": 4.5709,
      "lng": -74.2973
    },
    "subdivisions": {}
  },
  "heard island and mcdonald islands": {
    "type": "country",
    "code": "HM",
    "subdivisions": {}
  },
  "dominica": {
    "type": "country",
    "code": "DM",
    "subdivisions": {}
  },
  "djibouti": {
    "type": "country",
    "code": "DJ",
    "subdivisions": {}
  },
  "slovenia": {
    "type": "country",
    "code": "SI",
    "subdivisions": {}
  },
  "anguilla": {
    "type": "country",
    "code": "AI",
    "subdivisions": {}
  },
  "north macedonia": {
    "type": "country",
    "code": "MK",
    "subdivisions": {}
  },
  "solomon islands": {
    "type": "country",
    "code": "SB",
    "subdivisions": {}
  },
  "chad": {
    "type": "country",
    "code": "TD",
    "subdivisions": {}
  },
  "burundi": {
    "type": "country",
    "code": "BI",
    "subdivisions": {}
  },
  "italy": {
    "type": "country",
    "code": "IT",
    "coordinates": {
      "lat": 41.8719,
      "lng": 12.5674
    },
    "subdivisions": {}
  },
  "ethiopia": {
    "type": "country",
    "code": "ET",
    "subdivisions": {}
  },
  "vietnam": {
    "type": "country",
    "code": "VN",
    "subdivisions": {}
  },
  "togo": {
    "type": "country",
    "code": "TG",
    "subdivisions": {}
  },
  "martinique": {
    "type": "country",
    "code": "MQ",
    "subdivisions": {}
  },
  "poland": {
    "type": "country",
    "code": "PL",
    "subdivisions": {}
  },
  "portugal": {
    "type": "country",
    "code": "PT",
    "subdivisions": {}
  },
  "christmas island": {
    "type": "country",
    "code": "CX",
    "subdivisions": {}
  },
  "israel": {
    "type": "country",
    "code": "IL",
    "subdivisions": {}
  },
  "argentina": {
    "type": "country",
    "code": "AR",
    "coordinates": {
      "lat": -38.4161,
      "lng": -63.6167
    },
    "subdivisions": {}
  },
  "afghanistan": {
    "type": "country",
    "code": "AF",
    "subdivisions": {}
  },
  "papua new guinea": {
    "type": "country",
    "code": "PG",
    "subdivisions": {}
  },
  "new zealand": {
    "type": "country",
    "code": "NZ",
    "coordinates": {
      "lat": -40.9006,
      "lng": 174.886
    },
    "subdivisions": {}
  },
  "el salvador": {
    "type": "country",
    "code": "SV",
    "subdivisions": {}
  },
  "czechia": {
    "type": "country",
    "code": "CZ",
    "subdivisions": {}
  },
  "cameroon": {
    "type": "country",
    "code": "CM",
    "subdivisions": {}
  },
  "yemen": {
    "type": "country",
    "code": "YE",
    "subdivisions": {}
  },
  "panama": {
    "type": "country",
    "code": "PA",
    "subdivisions": {}
  },
  "timor-leste": {
    "type": "country",
    "code": "TL",
    "subdivisions": {}
  },
  "cuba": {
    "type": "country",
    "code": "CU",
    "subdivisions": {}
  },
  "russia": {
    "type": "country",
    "code": "RU",
    "coordinates": {
      "lat": 61.524,
      "lng": 105.3188
    },
    "subdivisions": {}
  },
  "antigua and barbuda": {
    "type": "country",
    "code": "AG",
    "subdivisions": {}
  },
  "saint barthélemy": {
    "type": "country",
    "code": "BL",
    "subdivisions": {}
  },
  "bolivia": {
    "type": "country",
    "code": "BO",
    "subdivisions": {}
  },
  "australia": {
    "type": "country",
    "code": "AU",
    "coordinates": {
      "lat": -25.2744,
      "lng": 133.7751
    },
    "subdivisions": {
      "new south wales": {
        "type": "state",
        "code": "AU-NSW",
        "cities": {}
      },
      "victoria": {
        "type": "state",
        "code": "AU-VIC",
        "cities": {}
      },
      "queensland": {
        "type": "state",
        "code": "AU-QLD",
        "cities": {}
      }
    }
  },
  "united states minor outlying islands": {
    "type": "country",
    "code": "UM",
    "subdivisions": {}
  },
  "fiji": {
    "type": "country",
    "code": "FJ",
    "subdivisions": {}
  },
  "myanmar": {
    "type": "country",
    "code": "MM",
    "subdivisions": {}
  },
  "são tomé and príncipe": {
    "type": "country",
    "code": "ST",
    "subdivisions": {}
  },
  "madagascar": {
    "type": "country",
    "code": "MG",
    "subdivisions": {}
  },
  "tuvalu": {
    "type": "country",
    "code": "TV",
    "subdivisions": {}
  },
  "guernsey": {
    "type": "country",
    "code": "GG",
    "subdivisions": {}
  },
  "cocos (keeling) islands": {
    "type": "country",
    "code": "CC",
    "subdivisions": {}
  },
  "hungary": {
    "type": "country",
    "code": "HU",
    "subdivisions": {}
  },
  "egypt": {
    "type": "country",
    "code": "EG",
    "coordinates": {
      "lat": 26.8206,
      "lng": 30.8025
    },
    "subdivisions": {}
  },
  "kyrgyzstan": {
    "type": "country",
    "code": "KG",
    "subdivisions": {}
  },
  "indonesia": {
    "type": "country",
    "code": "ID",
    "coordinates": {
      "lat": -0.7893,
      "lng": 113.9213
    },
    "subdivisions": {}
  },
  "tunisia": {
    "type": "country",
    "code": "TN",
    "subdivisions": {}
  },
  "american samoa": {
    "type": "country",
    "code": "AS",
    "subdivisions": {}
  },
  "oman": {
    "type": "country",
    "code": "OM",
    "subdivisions": {}
  },
  "french polynesia": {
    "type": "country",
    "code": "PF",
    "subdivisions": {}
  },
  "united states": {
    "type": "country",
    "code": "US",
    "coordinates": {
      "lat": 39.8283,
      "lng": -98.5795
    },
    "subdivisions": {
      "california": {
        "type": "state",
        "code": "US-CA",
        "cities": {
          "los angeles": {
            "type": "city",
            "coordinates": {
              "lat": 34.0522,
              "lng": -118.2437
            }
          },
          "san francisco": {
            "type": "city",
            "coordinates": {
              "lat": 37.7749,
              "lng": -122.4194
            }
          },
          "san diego": {
            "type": "city",
            "coordinates": {
              "lat": 32.7157,
              "lng": -117.1611
            }
          },
          "sacramento": {
            "type": "city",
            "coordinates": {
              "lat": 38.5816,
              "lng": -121.4944
            }
          },
          "oakland": {
            "type": "city",
            "coordinates": {
              "lat": 37.8044,
              "lng": -122.2712
            }
          }
        }
      },
      "texas": {
        "type": "state",
        "code": "US-TX",
        "cities": {
          "houston": {
            "type": "city",
            "coordinates": {
              "lat": 29.7604,
              "lng": -95.3698
            }
          },
          "austin": {
            "type": "city",
            "coordinates": {
              "lat": 30.2672,
              "lng": -97.7431
            }
          },
          "dallas": {
            "type": "city",
            "coordinates": {
              "lat": 32.7767,
              "lng": -96.797
            }
          }
        }
      },
      "new york": {
        "type": "state",
        "code": "US-NY",
        "cities": {
          "new york": {
            "type": "city",
            "coordinates": {
              "lat": 40.7128,
              "lng": -74.006
            }
          }
        }
      },
      "florida": {
        "type": "state",
        "code": "US-FL",
        "cities": {}
      },
      "washington": {
        "type": "state",
        "code": "US-WA",
        "cities": {}
      },
      "colorado": {
        "type": "state",
        "code": "US-CO",
        "cities": {}
      }
    }
  },
  "falkland islands": {
    "type": "country",
    "code": "FK",
    "subdivisions": {}
  },
  "saint martin": {
    "type": "country",
    "code": "MF",
    "subdivisions": {}
  },
  "suriname": {
    "type": "country",
    "code": "SR",
    "subdivisions": {}
  },
  "azerbaijan": {
    "type": "country",
    "code": "AZ",
    "subdivisions": {}
  },
  "netherlands": {
    "type": "country",
    "code": "NL",
    "subdivisions": {}
  },
  "palestine": {
    "type": "country",
    "code": "PS",
    "subdivisions": {}
  },
  "slovakia": {
    "type": "country",
    "code": "SK",
    "subdivisions": {}
  },
  "uganda": {
    "type": "country",
    "code": "UG",
    "subdivisions": {}
  },
  "cayman islands": {
    "type": "country",
    "code": "KY",
    "subdivisions": {}
  },
  "saint lucia": {
    "type": "country",
    "code": "LC",
    "subdivisions": {}
  },
  "libya": {
    "type": "country",
    "code": "LY",
    "subdivisions": {}
  },
  "northern mariana islands": {
    "type": "country",
    "code": "MP",
    "subdivisions": {}
  },
  "armenia": {
    "type": "country",
    "code": "AM",
    "subdivisions": {}
  },
  "comoros": {
    "type": "country",
    "code": "KM",
    "subdivisions": {}
  },
  "guyana": {
    "type": "country",
    "code": "GY",
    "subdivisions": {}
  },
  "united arab emirates": {
    "type": "country",
    "code": "AE",
    "subdivisions": {}
  },
  "turkey": {
    "type": "country",
    "code": "TR",
    "coordinates": {
      "lat": 38.9637,
      "lng": 35.2433
    },
    "subdivisions": {}
  },
  "samoa": {
    "type": "country",
    "code": "WS",
    "subdivisions": {}
  },
  "germany": {
    "type": "country",
    "code": "DE",
    "coordinates": {
      "lat": 51.1657,
      "lng": 10.4515
    },
    "subdivisions": {
      "bavaria": {
        "type": "state",
        "code": "DE-BY",
        "cities": {}
      },
      "berlin": {
        "type": "state",
        "code": "DE-BE",
        "cities": {}
      }
    }
  },
  "gambia": {
    "type": "country",
    "code": "GM",
    "subdivisions": {}
  },
  "mongolia": {
    "type": "country",
    "code": "MN",
    "subdivisions": {}
  },
  "serbia": {
    "type": "country",
    "code": "RS",
    "subdivisions": {}
  },
  "china": {
    "type": "country",
    "code": "CN",
    "coordinates": {
      "lat": 35.8617,
      "lng": 104.1954
    },
    "subdivisions": {
      "guangdong": {
        "type": "province",
        "code": "CN-GD",
        "cities": {}
      },
      "beijing": {
        "type": "state",
        "code": "CN-BJ",
        "cities": {}
      },
      "shanghai": {
        "type": "state",
        "code": "CN-SH",
        "cities": {}
      },
      "sichuan": {
        "type": "province",
        "code": "CN-SC",
        "cities": {}
      }
    }
  },
  "montenegro": {
    "type": "country",
    "code": "ME",
    "subdivisions": {}
  },
  "guam": {
    "type": "country",
    "code": "GU",
    "subdivisions": {}
  },
  "cambodia": {
    "type": "country",
    "code": "KH",
    "subdivisions": {}
  },
  "liechtenstein": {
    "type": "country",
    "code": "LI",
    "subdivisions": {}
  },
  "senegal": {
    "type": "country",
    "code": "SN",
    "subdivisions": {}
  },
  "united kingdom": {
    "type": "country",
    "code": "GB",
    "coordinates": {
      "lat": 55.3781,
      "lng": -3.436
    },
    "subdivisions": {
      "england": {
        "type": "state",
        "code": "GB-ENG",
        "cities": {}
      },
      "scotland": {
        "type": "state",
        "code": "GB-SCT",
        "cities": {}
      },
      "wales": {
        "type": "state",
        "code": "GB-WLS",
        "cities": {}
      },
      "northern ireland": {
        "type": "state",
        "code": "GB-NIR",
        "cities": {}
      }
    }
  },
  "caribbean netherlands": {
    "type": "country",
    "code": "BQ",
    "subdivisions": {}
  },
  "french guiana": {
    "type": "country",
    "code": "GF",
    "subdivisions": {}
  },
  "burkina faso": {
    "type": "country",
    "code": "BF",
    "subdivisions": {}
  },
  "qatar": {
    "type": "country",
    "code": "QA",
    "subdivisions": {}
  },
  "ukraine": {
    "type": "country",
    "code": "UA",
    "subdivisions": {}
  },
  "mexico": {
    "type": "country",
    "code": "MX",
    "coordinates": {
      "lat": 23.6345,
      "lng": -102.5528
    },
    "subdivisions": {}
  },
  "isle of man": {
    "type": "country",
    "code": "IM",
    "subdivisions": {}
  },
  "antarctica": {
    "type": "country",
    "code": "AQ",
    "subdivisions": {}
  },
  "south georgia": {
    "type": "country",
    "code": "GS",
    "subdivisions": {}
  },
  "western sahara": {
    "type": "country",
    "code": "EH",
    "subdivisions": {}
  },
  "turks and caicos islands": {
    "type": "country",
    "code": "TC",
    "subdivisions": {}
  },
  "albania": {
    "type": "country",
    "code": "AL",
    "subdivisions": {}
  },
  "cyprus": {
    "type": "country",
    "code": "CY",
    "subdivisions": {}
  },
  "guatemala": {
    "type": "country",
    "code": "GT",
    "subdivisions": {}
  },
  "nauru": {
    "type": "country",
    "code": "NR",
    "subdivisions": {}
  },
  "saint helena, ascension and tristan da cunha": {
    "type": "country",
    "code": "SH",
    "subdivisions": {}
  },
  "latvia": {
    "type": "country",
    "code": "LV",
    "subdivisions": {}
  },
  "cook islands": {
    "type": "country",
    "code": "CK",
    "subdivisions": {}
  },
  "malta": {
    "type": "country",
    "code": "MT",
    "subdivisions": {}
  },
  "pitcairn islands": {
    "type": "country",
    "code": "PN",
    "subdivisions": {}
  },
  "south korea": {
    "type": "country",
    "code": "KR",
    "subdivisions": {}
  },
  "new caledonia": {
    "type": "country",
    "code": "NC",
    "subdivisions": {}
  },
  "mozambique": {
    "type": "country",
    "code": "MZ",
    "subdivisions": {}
  },
  "luxembourg": {
    "type": "country",
    "code": "LU",
    "subdivisions": {}
  },
  "ireland": {
    "type": "country",
    "code": "IE",
    "subdivisions": {}
  },
  "nigeria": {
    "type": "country",
    "code": "NG",
    "coordinates": {
      "lat": 9.082,
      "lng": 8.6753
    },
    "subdivisions": {}
  },
  "bahamas": {
    "type": "country",
    "code": "BS",
    "subdivisions": {}
  },
  "marshall islands": {
    "type": "country",
    "code": "MH",
    "subdivisions": {}
  },
  "greece": {
    "type": "country",
    "code": "GR",
    "subdivisions": {}
  },
  "maldives": {
    "type": "country",
    "code": "MV",
    "subdivisions": {}
  },
  "niue": {
    "type": "country",
    "code": "NU",
    "subdivisions": {}
  },
  "syria": {
    "type": "country",
    "code": "SY",
    "subdivisions": {}
  },
  "ecuador": {
    "type": "country",
    "code": "EC",
    "subdivisions": {}
  },
  "turkmenistan": {
    "type": "country",
    "code": "TM",
    "subdivisions": {}
  },
  "wallis and futuna": {
    "type": "country",
    "code": "WF",
    "subdivisions": {}
  },
  "brunei": {
    "type": "country",
    "code": "BN",
    "subdivisions": {}
  },
  "uzbekistan": {
    "type": "country",
    "code": "UZ",
    "subdivisions": {}
  },
  "bahrain": {
    "type": "country",
    "code": "BH",
    "subdivisions": {}
  },
  "british virgin islands": {
    "type": "country",
    "code": "VG",
    "subdivisions": {}
  },
  "moldova": {
    "type": "country",
    "code": "MD",
    "subdivisions": {}
  },
  "mauritius": {
    "type": "country",
    "code": "MU",
    "subdivisions": {}
  },
  "tonga": {
    "type": "country",
    "code": "TO",
    "subdivisions": {}
  },
  "seychelles": {
    "type": "country",
    "code": "SC",
    "subdivisions": {}
  },
  "angola": {
    "type": "country",
    "code": "AO",
    "subdivisions": {}
  },
  "estonia": {
    "type": "country",
    "code": "EE",
    "subdivisions": {}
  },
  "bermuda": {
    "type": "country",
    "code": "BM",
    "subdivisions": {}
  },
  "philippines": {
    "type": "country",
    "code": "PH",
    "coordinates": {
      "lat": 12.8797,
      "lng": 121.774
    },
    "subdivisions": {}
  },
  "vatican city": {
    "type": "country",
    "code": "VA",
    "subdivisions": {}
  },
  "venezuela": {
    "type": "country",
    "code": "VE",
    "subdivisions": {}
  },
  "barbados": {
    "type": "country",
    "code": "BB",
    "subdivisions": {}
  },
  "india": {
    "type": "country",
    "code": "IN",
    "coordinates": {
      "lat": 20.5937,
      "lng": 78.9629
    },
    "subdivisions": {
      "karnataka": {
        "type": "state",
        "code": "IN-KA",
        "cities": {}
      },
      "maharashtra": {
        "type": "state",
        "code": "IN-MH",
        "cities": {}
      },
      "tamil nadu": {
        "type": "state",
        "code": "IN-TN",
        "cities": {}
      }
    }
  },
  "mali": {
    "type": "country",
    "code": "ML",
    "subdivisions": {}
  },
  "norfolk island": {
    "type": "country",
    "code": "NF",
    "subdivisions": {}
  },
  "belarus": {
    "type": "country",
    "code": "BY",
    "subdivisions": {}
  },
  "saint kitts and nevis": {
    "type": "country",
    "code": "KN",
    "subdivisions": {}
  },
  "guadeloupe": {
    "type": "country",
    "code": "GP",
    "subdivisions": {}
  },
  "lithuania": {
    "type": "country",
    "code": "LT",
    "subdivisions": {}
  },
  "montserrat": {
    "type": "country",
    "code": "MS",
    "subdivisions": {}
  },
  "niger": {
    "type": "country",
    "code": "NE",
    "subdivisions": {}
  },
  "equatorial guinea": {
    "type": "country",
    "code": "GQ",
    "subdivisions": {}
  },
  "iraq": {
    "type": "country",
    "code": "IQ",
    "subdivisions": {}
  },
  "mauritania": {
    "type": "country",
    "code": "MR",
    "subdivisions": {}
  },
  "taiwan": {
    "type": "country",
    "code": "TW",
    "subdivisions": {}
  },
  "georgia": {
    "type": "country",
    "code": "GE",
    "subdivisions": {}
  },
  "puerto rico": {
    "type": "country",
    "code": "PR",
    "subdivisions": {}
  },
  "paraguay": {
    "type": "country",
    "code": "PY",
    "subdivisions": {}
  },
  "sierra leone": {
    "type": "country",
    "code": "SL",
    "subdivisions": {}
  },
  "botswana": {
    "type": "country",
    "code": "BW",
    "subdivisions": {}
  },
  "mayotte": {
    "type": "country",
    "code": "YT",
    "subdivisions": {}
  },
  "finland": {
    "type": "country",
    "code": "FI",
    "subdivisions": {}
  },
  "jersey": {
    "type": "country",
    "code": "JE",
    "subdivisions": {}
  },
  "faroe islands": {
    "type": "country",
    "code": "FO",
    "subdivisions": {}
  },
  "sweden": {
    "type": "country",
    "code": "SE",
    "subdivisions": {}
  },
  "sri lanka": {
    "type": "country",
    "code": "LK",
    "subdivisions": {}
  },
  "thailand": {
    "type": "country",
    "code": "TH",
    "coordinates": {
      "lat": 15.87,
      "lng": 100.9925
    },
    "subdivisions": {}
  },
  "greenland": {
    "type": "country",
    "code": "GL",
    "subdivisions": {}
  },
  "bulgaria": {
    "type": "country",
    "code": "BG",
    "subdivisions": {}
  },
  "kenya": {
    "type": "country",
    "code": "KE",
    "coordinates": {
      "lat": -0.0236,
      "lng": 37.9062
    },
    "subdivisions": {}
  },
  "hong kong": {
    "type": "country",
    "code": "HK",
    "subdivisions": {}
  },
  "romania": {
    "type": "country",
    "code": "RO",
    "subdivisions": {}
  },
  "malawi": {
    "type": "country",
    "code": "MW",
    "subdivisions": {}
  },
  "republic of the congo": {
    "type": "country",
    "code": "CG",
    "subdivisions": {}
  },
  "honduras": {
    "type": "country",
    "code": "HN",
    "subdivisions": {}
  },
  "aruba": {
    "type": "country",
    "code": "AW",
    "subdivisions": {}
  },
  "monaco": {
    "type": "country",
    "code": "MC",
    "subdivisions": {}
  },
  "bouvet island": {
    "type": "country",
    "code": "BV",
    "subdivisions": {}
  },
  "zambia": {
    "type": "country",
    "code": "ZM",
    "subdivisions": {}
  },
  "andorra": {
    "type": "country",
    "code": "AD",
    "subdivisions": {}
  },
  "liberia": {
    "type": "country",
    "code": "LR",
    "subdivisions": {}
  },
  "tanzania": {
    "type": "country",
    "code": "TZ",
    "subdivisions": {}
  },
  "saint pierre and miquelon": {
    "type": "country",
    "code": "PM",
    "subdivisions": {}
  },
  "iran": {
    "type": "country",
    "code": "IR",
    "subdivisions": {}
  },
  "iceland": {
    "type": "country",
    "code": "IS",
    "subdivisions": {}
  },
  "guinea": {
    "type": "country",
    "code": "GN",
    "subdivisions": {}
  },
  "svalbard and jan mayen": {
    "type": "country",
    "code": "SJ",
    "subdivisions": {}
  },
  "kuwait": {
    "type": "country",
    "code": "KW",
    "subdivisions": {}
  },
  "morocco": {
    "type": "country",
    "code": "MA",
    "subdivisions": {}
  },
  "namibia": {
    "type": "country",
    "code": "NA",
    "subdivisions": {}
  },
  "tajikistan": {
    "type": "country",
    "code": "TJ",
    "subdivisions": {}
  },
  "vanuatu": {
    "type": "country",
    "code": "VU",
    "subdivisions": {}
  },
  "jamaica": {
    "type": "country",
    "code": "JM",
    "subdivisions": {}
  },
  "palau": {
    "type": "country",
    "code": "PW",
    "subdivisions": {}
  },
  "uruguay": {
    "type": "country",
    "code": "UY",
    "subdivisions": {}
  },
  "bhutan": {
    "type": "country",
    "code": "BT",
    "subdivisions": {}
  },
  "dr congo": {
    "type": "country",
    "code": "CD",
    "subdivisions": {}
  },
  "kazakhstan": {
    "type": "country",
    "code": "KZ",
    "subdivisions": {}
  },
  "eritrea": {
    "type": "country",
    "code": "ER",
    "subdivisions": {}
  },
  "gibraltar": {
    "type": "country",
    "code": "GI",
    "subdivisions": {}
  },
  "gabon": {
    "type": "country",
    "code": "GA",
    "subdivisions": {}
  },
  "peru": {
    "type": "country",
    "code": "PE",
    "coordinates": {
      "lat": -9.19,
      "lng": -75.0152
    },
    "subdivisions": {}
  },
  "denmark": {
    "type": "country",
    "code": "DK",
    "subdivisions": {}
  },
  "croatia": {
    "type": "country",
    "code": "HR",
    "subdivisions": {}
  },
  "curaçao": {
    "type": "country",
    "code": "CW",
    "subdivisions": {}
  },
  "british indian ocean territory": {
    "type": "country",
    "code": "IO",
    "subdivisions": {}
  },
  "norway": {
    "type": "country",
    "code": "NO",
    "subdivisions": {}
  },
  "lesotho": {
    "type": "country",
    "code": "LS",
    "subdivisions": {}
  },
  "austria": {
    "type": "country",
    "code": "AT",
    "subdivisions": {}
  },
  "switzerland": {
    "type": "country",
    "code": "CH",
    "subdivisions": {}
  },
  "belize": {
    "type": "country",
    "code": "BZ",
    "subdivisions": {}
  },
  "belgium": {
    "type": "country",
    "code": "BE",
    "subdivisions": {}
  },
  "nicaragua": {
    "type": "country",
    "code": "NI",
    "subdivisions": {}
  },
  "united states virgin islands": {
    "type": "country",
    "code": "VI",
    "subdivisions": {}
  },
  "singapore": {
    "type": "country",
    "code": "SG",
    "subdivisions": {}
  },
  "dominican republic": {
    "type": "country",
    "code": "DO",
    "subdivisions": {}
  },
  "kosovo": {
    "type": "country",
    "code": "XK",
    "subdivisions": {}
  },
  "laos": {
    "type": "country",
    "code": "LA",
    "subdivisions": {}
  },
  "chile": {
    "type": "country",
    "code": "CL",
    "coordinates": {
      "lat": -35.6751,
      "lng": -71.543
    },
    "subdivisions": {}
  },
  "costa rica": {
    "type": "country",
    "code": "CR",
    "subdivisions": {}
  },
  "rwanda": {
    "type": "country",
    "code": "RW",
    "subdivisions": {}
  },
  "trinidad and tobago": {
    "type": "country",
    "code": "TT",
    "subdivisions": {}
  },
  "malaysia": {
    "type": "country",
    "code": "MY",
    "subdivisions": {}
  },
  "south africa": {
    "type": "country",
    "code": "ZA",
    "coordinates": {
      "lat": -30.5595,
      "lng": 22.9375
    },
    "subdivisions": {}
  },
  "saudi arabia": {
    "type": "country",
    "code": "SA",
    "subdivisions": {}
  },
  "haiti": {
    "type": "country",
    "code": "HT",
    "subdivisions": {}
  },
  "french southern and antarctic lands": {
    "type": "country",
    "code": "TF",
    "subdivisions": {}
  },
  "tokelau": {
    "type": "country",
    "code": "TK",
    "subdivisions": {}
  },
  "somalia": {
    "type": "country",
    "code": "SO",
    "subdivisions": {}
  },
  "japan": {
    "type": "country",
    "code": "JP",
    "coordinates": {
      "lat": 36.2048,
      "lng": 138.2529
    },
    "subdivisions": {
      "tokyo": {
        "type": "state",
        "code": "JP-13",
        "cities": {}
      },
      "osaka": {
        "type": "state",
        "code": "JP-27",
        "cities": {}
      }
    }
  },
  "macau": {
    "type": "country",
    "code": "MO",
    "subdivisions": {}
  },
  "sudan": {
    "type": "country",
    "code": "SD",
    "subdivisions": {}
  },
  "algeria": {
    "type": "country",
    "code": "DZ",
    "subdivisions": {}
  },
  "eswatini": {
    "type": "country",
    "code": "SZ",
    "subdivisions": {}
  },
  "france": {
    "type": "country",
    "code": "FR",
    "coordinates": {
      "lat": 46.2276,
      "lng": 2.2137
    },
    "subdivisions": {
      "île-de-france": {
        "type": "region",
        "code": "FR-IDF",
        "cities": {}
      },
      "provence-alpes-côte d'azur": {
        "type": "region",
        "code": "FR-PACA",
        "cities": {}
      }
    }
  },
  "sint maarten": {
    "type": "country",
    "code": "SX",
    "subdivisions": {}
  },
  "bangladesh": {
    "type": "country",
    "code": "BD",
    "subdivisions": {}
  },
  "central african republic": {
    "type": "country",
    "code": "CF",
    "subdivisions": {}
  },
  "canada": {
    "type": "country",
    "code": "CA",
    "coordinates": {
      "lat": 56.1304,
      "lng": -106.3468
    },
    "subdivisions": {
      "ontario": {
        "type": "province",
        "code": "CA-ON",
        "cities": {
          "toronto": {
            "type": "city",
            "coordinates": {
              "lat": 43.6532,
              "lng": -79.3832
            }
          },
          "ottawa": {
            "type": "city",
            "coordinates": {
              "lat": 45.4215,
              "lng": -75.6972
            }
          }
        }
      },
      "quebec": {
        "type": "province",
        "code": "CA-QC",
        "cities": {}
      },
      "british columbia": {
        "type": "province",
        "code": "CA-BC",
        "cities": {}
      },
      "alberta": {
        "type": "province",
        "code": "CA-AB",
        "cities": {}
      }
    }
  },
  "réunion": {
    "type": "country",
    "code": "RE",
    "subdivisions": {}
  },
  "saint vincent and the grenadines": {
    "type": "country",
    "code": "VC",
    "subdivisions": {}
  },
  "micronesia": {
    "type": "country",
    "code": "FM",
    "subdivisions": {}
  },
  "cape verde": {
    "type": "country",
    "code": "CV",
    "subdivisions": {}
  },
  "grenada": {
    "type": "country",
    "code": "GD",
    "subdivisions": {}
  },
  "pakistan": {
    "type": "country",
    "code": "PK",
    "subdivisions": {}
  },
  "nepal": {
    "type": "country",
    "code": "NP",
    "subdivisions": {}
  },
  "bosnia and herzegovina": {
    "type": "country",
    "code": "BA",
    "subdivisions": {}
  },
  "south sudan": {
    "type": "country",
    "code": "SS",
    "subdivisions": {}
  },
  "guinea-bissau": {
    "type": "country",
    "code": "GW",
    "subdivisions": {}
  },
  "benin": {
    "type": "country",
    "code": "BJ",
    "subdivisions": {}
  },
  "lebanon": {
    "type": "country",
    "code": "LB",
    "subdivisions": {}
  },
  "åland islands": {
    "type": "country",
    "code": "AX",
    "subdivisions": {}
  }
}